City_ID,City,Country,Lat,Lng,Max Temp,Humidity,Cloudiness,Wind Speed,Current Description
0,Cherskiy,RU,68.75,161.3,20.17,96,93,3.02,overcast clouds
1,Saint George,US,37.1041,-113.5841,90.19,13,1,3.0,clear sky
2,Hobart,AU,-42.8794,147.3294,61.02,85,75,1.99,broken clouds
3,Vaini,TO,-21.2,-175.2,75.36,83,90,13.8,overcast clouds
4,Ushuaia,AR,-54.8,-68.3,38.86,70,75,14.97,light intensity drizzle
5,Mogadishu,SO,2.0371,45.3438,78.12,84,40,13.33,scattered clouds
6,Albany,US,42.6001,-73.9662,62.67,93,100,1.21,light rain
7,Mount Isa,AU,-20.7333,139.5,80.37,18,21,12.66,few clouds
8,Vila Velha,BR,-20.3297,-40.2925,78.75,78,40,16.11,scattered clouds
9,Cape Town,ZA,-33.9258,18.4232,55.11,66,2,17.43,clear sky
10,Hasaki,JP,35.7333,140.8333,72.0,75,0,10.38,clear sky
11,Saint-Denis,FR,48.9167,2.3333,55.56,84,0,1.01,clear sky
12,Marmande,FR,44.5,0.1667,57.51,100,100,4.12,overcast clouds
13,Punta Arenas,CL,-53.15,-70.9167,41.11,70,40,35.68,scattered clouds
14,Yerofey Pavlovich,RU,53.9667,121.9667,30.63,68,38,2.95,scattered clouds
15,Skaerbaek,DK,55.1573,8.769,58.8,88,100,19.06,overcast clouds
16,Verkhoyansk,RU,67.5447,133.385,23.79,89,46,2.98,scattered clouds
17,Atuona,PF,-9.8,-139.0333,77.7,76,12,16.44,light rain
18,Kingsport,US,36.5484,-82.5618,70.12,96,90,1.99,moderate rain
19,Faanui,PF,-16.4833,-151.75,78.91,70,42,9.44,scattered clouds
20,Carlyle,US,38.6103,-89.3726,73.8,80,70,3.0,broken clouds
21,Hithadhoo,MV,-0.6,73.0833,82.96,77,73,19.01,broken clouds
22,Tuktoyaktuk,CA,69.4541,-133.0374,33.48,87,100,21.45,overcast clouds
23,Busselton,AU,-33.65,115.3333,55.06,71,97,9.35,light rain
24,Codrington,AU,-38.2667,141.9667,51.69,81,53,20.04,broken clouds
25,San Patricio,US,28.017,-97.5169,88.21,63,91,4.27,overcast clouds
26,Dikson,RU,73.5069,80.5464,34.48,98,100,23.04,moderate rain
27,Kita,ML,13.0349,-9.4895,76.98,72,37,3.06,scattered clouds
28,Chokurdakh,RU,70.6333,147.9167,23.25,96,98,9.19,light snow
29,Andilamena,MG,-17.0167,48.5833,58.15,96,67,3.58,broken clouds
30,Port Macquarie,AU,-31.4333,152.9167,76.37,43,74,7.74,broken clouds
31,Bluff,NZ,-46.6,168.3333,49.8,81,100,24.67,overcast clouds
32,Hermanus,ZA,-34.4187,19.2345,51.91,73,54,9.55,broken clouds
33,Ilulissat,GL,69.2167,-51.1,28.42,64,40,0.0,scattered clouds
34,Poum,NC,-20.2333,164.0167,75.27,84,0,8.39,clear sky
35,Thompson,CA,55.7435,-97.8558,61.16,48,98,6.91,overcast clouds
36,Upernavik,GL,72.7868,-56.1549,30.43,86,99,4.68,overcast clouds
37,Miri,MY,4.4148,114.0089,75.58,92,100,4.63,overcast clouds
38,Narsaq,GL,60.9167,-46.05,41.22,64,0,4.09,clear sky
39,Lakes Entrance,AU,-37.8811,147.981,67.57,76,71,4.54,broken clouds
40,Reshetylivka,UA,49.565,34.0782,44.13,51,0,7.45,clear sky
41,Khatanga,RU,71.9667,102.5,20.28,92,99,13.31,overcast clouds
42,San,ML,13.3034,-4.8956,85.42,45,31,7.36,scattered clouds
43,Flinders,AU,-34.5833,150.8552,75.38,62,42,1.01,scattered clouds
44,Saskylakh,RU,71.9167,114.0833,17.29,92,99,11.92,overcast clouds
45,Pevek,RU,69.7008,170.3133,25.02,92,100,4.56,overcast clouds
46,Guerrero Negro,MX,27.9769,-114.0611,84.33,44,85,12.44,overcast clouds
47,Makakilo City,US,21.3469,-158.0858,84.52,60,75,9.22,light rain
48,Bonavista,CA,48.6499,-53.1147,55.11,87,93,10.92,overcast clouds
49,Souillac,MU,-20.5167,57.5167,72.36,84,16,11.83,few clouds
50,Saint-Philippe,RE,-21.3585,55.7679,71.19,83,49,13.2,light rain
51,Qaanaaq,GL,77.484,-69.3632,28.09,96,100,6.4,overcast clouds
52,Cidreira,BR,-30.1811,-50.2056,63.41,92,100,15.75,overcast clouds
53,Port Elizabeth,ZA,-33.918,25.5701,52.11,77,5,7.09,clear sky
54,Belle Fourche,US,44.6714,-103.8522,83.34,5,3,9.1,clear sky
55,Atar,MR,20.5169,-13.0499,93.27,9,23,7.9,few clouds
56,Clovis,US,36.8252,-119.7029,93.47,16,75,0.0,haze
57,Jamestown,US,42.097,-79.2353,68.02,97,90,3.0,overcast clouds
58,Sola,VU,-13.8833,167.55,79.61,77,24,6.76,few clouds
59,Coquimbo,CL,-29.9533,-71.3436,57.04,71,0,6.11,clear sky
60,Kaitangata,NZ,-46.2817,169.8464,50.94,85,100,15.5,overcast clouds
61,Salalah,OM,17.0151,54.0924,80.69,89,75,5.75,broken clouds
62,Bilibino,RU,68.0546,166.4372,19.18,93,91,2.66,overcast clouds
63,Hilo,US,19.7297,-155.09,83.93,69,20,9.22,few clouds
64,Rikitea,PF,-23.1203,-134.9692,73.63,64,83,16.62,broken clouds
65,La Ronge,CA,55.1001,-105.2842,60.22,35,23,2.59,few clouds
66,Tasiilaq,GL,65.6145,-37.6368,32.16,56,0,5.3,clear sky
67,Klaksvik,FO,62.2266,-6.589,49.12,87,96,29.91,overcast clouds
68,Pisco,PE,-13.7,-76.2167,62.65,77,40,19.57,scattered clouds
69,Kapaa,US,22.0752,-159.319,78.19,79,90,4.0,light rain
70,Naze,JP,28.3667,129.4833,78.08,62,1,18.45,clear sky
71,Fort Nelson,CA,58.8053,-122.7002,50.27,30,65,11.3,broken clouds
72,Chuy,UY,-33.6971,-53.4616,51.55,68,85,11.48,overcast clouds
73,Kodiak,US,57.79,-152.4072,43.36,49,1,7.7,clear sky
74,Contamana,PE,-7.3333,-75.0167,85.03,58,74,3.58,broken clouds
75,Culebra,PR,18.303,-65.301,84.29,72,14,16.26,few clouds
76,Verkh-Usugli,RU,52.7,115.1667,30.18,73,68,1.63,broken clouds
77,Bam,IR,29.106,58.357,74.82,19,6,11.05,clear sky
78,Barrow,US,71.2906,-156.7887,30.22,80,90,9.22,overcast clouds
79,Salihorsk,BY,52.7876,27.5415,44.87,68,96,9.44,overcast clouds
80,Caravelas,BR,-17.7125,-39.2481,76.21,80,6,13.42,clear sky
81,Menongue,AO,-14.6585,17.691,63.43,23,13,3.24,few clouds
82,Carnarvon,AU,-24.8667,113.6333,62.67,67,0,12.66,clear sky
83,Hamilton,US,39.1834,-84.5333,71.2,88,90,1.01,overcast clouds
84,Sao Lourenco Do Oeste,BR,-26.3592,-52.8511,63.7,99,100,3.83,light rain
85,Provideniya,RU,64.3833,-173.3,33.91,69,75,6.71,broken clouds
86,Mataura,NZ,-46.1927,168.8643,49.48,80,100,8.95,overcast clouds
87,Bambous Virieux,MU,-20.3428,57.7575,72.21,81,31,14.38,light rain
88,Lagoa,PT,39.05,-27.9833,70.56,93,23,11.03,few clouds
89,Castro,BR,-24.7911,-50.0119,62.2,99,100,4.38,light rain
90,East London,ZA,-33.0153,27.9116,57.07,70,39,5.06,light rain
91,Port Lincoln,AU,-34.7333,135.8667,55.36,62,40,29.44,scattered clouds
92,Naantali,FI,60.4674,22.0243,55.11,79,100,25.21,overcast clouds
93,Georgetown,MY,5.4112,100.3354,79.9,90,20,0.0,few clouds
94,New Norfolk,AU,-42.7826,147.0587,61.66,76,67,3.91,broken clouds
95,Roma,US,43.2128,-75.4557,65.66,96,90,6.91,moderate rain
96,Santana Do Matos,BR,-5.9575,-36.6556,79.41,55,11,23.85,few clouds
97,Avarua,CK,-21.2078,-159.775,77.05,69,75,10.36,broken clouds
98,Kasongo,CD,-4.45,26.6667,69.24,88,95,2.08,overcast clouds
99,Ponta Do Sol,PT,32.6667,-17.1,76.01,78,100,6.17,overcast clouds
100,Lebu,CL,-37.6167,-73.65,49.57,76,0,19.95,clear sky
101,Purpe,RU,64.4803,76.6897,27.01,88,66,7.7,broken clouds
102,Beyneu,KZ,45.3167,55.2,50.97,37,86,8.12,overcast clouds
103,Tiksi,RU,71.6872,128.8694,24.75,87,98,15.03,overcast clouds
104,Whitehorse,CA,60.7161,-135.0538,37.81,84,90,2.3,overcast clouds
105,Barcelos,PT,41.5388,-8.6151,57.85,75,64,1.86,broken clouds
106,Olinda,BR,-8.0089,-34.8553,80.33,78,40,10.36,scattered clouds
107,Havoysund,NO,70.9963,24.6622,50.88,74,100,37.67,light rain
108,Ribeira Grande,PT,38.5167,-28.7,71.71,90,32,6.85,scattered clouds
109,Vawkavysk,BY,53.1561,24.4513,48.15,73,84,13.51,broken clouds
110,Bowen,AU,-20.0167,148.2333,78.91,79,12,10.36,few clouds
111,Coahuayana,MX,18.7333,-103.6833,85.48,66,92,4.74,overcast clouds
112,Lata,PT,40.1629,-8.3327,56.8,82,61,1.54,broken clouds
113,Saldanha,ZA,-33.0117,17.9442,55.2,73,0,24.36,clear sky
114,Okato,NZ,-39.2,173.8833,65.43,89,86,8.52,overcast clouds
115,Fevik,NO,58.3794,8.6766,55.17,80,99,16.96,overcast clouds
116,Suluq,LY,31.6682,20.2521,70.47,57,0,7.72,clear sky
117,Port Hedland,AU,-20.3167,118.5667,68.05,45,3,4.61,clear sky
118,Mar Del Plata,AR,-38.0023,-57.5575,50.13,68,5,10.0,clear sky
119,Sobolevo,RU,54.4299,31.8996,43.84,82,100,5.86,moderate rain
120,Torbay,CA,47.6666,-52.7314,54.68,95,90,2.3,overcast clouds
121,Cabo San Lucas,MX,22.8909,-109.9124,88.52,65,20,6.91,few clouds
122,Road Town,VG,18.4167,-64.6167,84.29,74,40,11.5,scattered clouds
123,Portree,GB,57.4129,-6.1942,49.86,91,66,12.44,broken clouds
124,Pahrump,US,36.2083,-115.9839,91.94,13,8,5.01,clear sky
125,Port Alfred,ZA,-33.5906,26.891,54.88,78,24,8.3,light rain
126,Abu Zabad,SD,12.35,29.25,79.09,32,46,5.93,scattered clouds
127,Adrar,MR,20.5022,-10.0711,92.53,11,12,5.3,few clouds
128,Bredasdorp,ZA,-34.5322,20.0403,49.98,76,65,1.57,broken clouds
129,Martil,MA,35.6166,-5.2752,66.27,78,86,9.55,overcast clouds
130,Ucluelet,CA,48.9329,-125.5528,63.05,76,95,3.0,overcast clouds
131,Arraial Do Cabo,BR,-22.9661,-42.0278,71.47,97,62,9.69,moderate rain
132,Namibe,AO,-15.1961,12.1522,60.22,88,33,5.53,scattered clouds
133,Aklavik,CA,68.2191,-135.0107,34.52,97,100,16.15,overcast clouds
134,Ancud,CL,-41.8697,-73.8203,47.73,81,77,7.31,broken clouds
135,Romitan,UZ,39.9343,64.3814,46.35,49,0,9.22,clear sky
136,Tezu,IN,27.9167,96.1667,72.86,99,100,2.68,overcast clouds
137,Nanortalik,GL,60.1432,-45.2371,38.35,83,0,5.61,clear sky
138,Esperance,AU,-33.8667,121.9,52.09,65,36,12.44,scattered clouds
139,Nuuk,GL,64.1835,-51.7216,41.61,70,20,12.66,few clouds
140,Bathsheba,BB,13.2167,-59.5167,84.81,65,40,23.02,scattered clouds
141,Sangin,AF,32.0728,64.8359,64.54,25,0,5.39,clear sky
142,Kahului,US,20.8947,-156.47,84.22,73,40,27.63,scattered clouds
143,Biak,ID,-0.9131,122.8766,76.3,78,97,6.51,overcast clouds
144,Ilo,PE,-17.6394,-71.3375,60.42,81,23,5.99,few clouds
145,Viedma,AR,-40.8135,-62.9967,47.66,41,1,3.36,clear sky
146,Dehloran,IR,32.6941,47.2679,89.53,12,0,6.49,clear sky
147,Kemijarvi,FI,66.7131,27.4306,46.4,84,100,13.29,overcast clouds
148,Aksarka,RU,66.5606,67.7975,29.12,79,94,10.38,overcast clouds
149,Namatanai,PG,-3.6667,152.4333,84.2,67,97,6.67,overcast clouds
150,Butembo,CD,0.15,29.2833,57.0,87,92,2.42,overcast clouds
151,Khandyga,RU,62.6667,135.6,28.63,82,8,3.22,clear sky
152,San Ramon,US,37.7799,-121.978,94.32,21,1,1.99,clear sky
153,Dunedin,NZ,-45.8742,170.5036,48.79,98,100,10.0,overcast clouds
154,Bar Harbor,US,44.3876,-68.2039,56.26,82,90,3.0,overcast clouds
155,Neiafu,TO,-18.65,-173.9833,77.68,94,40,10.36,scattered clouds
156,Shenjiamen,CN,29.9576,122.298,77.86,89,4,13.51,clear sky
157,Longyearbyen,SJ,78.2186,15.6401,37.24,93,75,3.44,broken clouds
158,Butaritari,KI,3.0707,172.7902,82.42,68,86,18.48,overcast clouds
159,Dauphin,CA,51.1494,-100.0502,76.14,20,19,7.34,few clouds
160,Port-Gentil,GA,-0.7193,8.7815,77.61,85,100,13.35,overcast clouds
161,Kulhudhuffushi,MV,6.6221,73.07,82.13,78,77,16.42,broken clouds
162,Kieta,PG,-6.2167,155.6333,85.44,65,100,1.72,overcast clouds
163,Kushima,JP,31.4583,131.2333,75.88,61,0,7.61,clear sky
164,Victoria,HK,22.2855,114.1577,84.33,80,78,5.01,broken clouds
165,Sekoma,BW,-24.4,23.8833,54.39,21,0,8.34,clear sky
166,Luderitz,NA,-26.6481,15.1594,57.11,58,80,19.77,broken clouds
167,Lovozero,RU,68.005,35.0117,40.71,92,49,8.23,scattered clouds
168,Muros,ES,42.7762,-9.0603,59.23,94,83,5.23,broken clouds
169,Avera,US,33.194,-82.5271,80.47,61,96,5.32,overcast clouds
170,Griffith,US,41.5284,-87.4237,74.05,95,40,0.0,scattered clouds
171,Fortuna,US,40.5982,-124.1573,88.48,65,20,1.01,few clouds
172,Kavieng,PG,-2.5744,150.7967,83.3,69,95,5.39,overcast clouds
173,Acaponeta,MX,22.4964,-105.3594,87.66,66,100,7.09,overcast clouds
174,Mahibadhoo,MV,3.7833,72.9667,82.18,78,10,17.34,clear sky
175,Pozo Colorado,PY,-23.4923,-58.7972,66.51,87,100,10.69,overcast clouds
176,Sitka,US,57.0531,-135.33,46.29,71,75,6.91,light rain
177,Bethel,US,41.3712,-73.414,70.75,82,90,0.0,overcast clouds
178,Hualmay,PE,-11.0964,-77.6139,63.7,79,53,10.85,broken clouds
179,Norman Wells,CA,65.282,-126.8329,34.27,97,100,21.0,moderate rain
180,Arvika,SE,59.6553,12.5852,57.81,96,100,10.07,light rain
181,Payo,ID,-3.7508,103.6372,72.52,95,100,2.26,overcast clouds
182,Lompoc,US,34.6391,-120.4579,93.34,58,1,10.36,clear sky
183,Saint-Pierre,RE,-21.3393,55.4781,71.28,70,90,3.44,overcast clouds
184,Manakara,MG,-22.1333,48.0167,67.84,94,11,6.8,few clouds
185,Perth,AU,-31.9333,115.8333,50.18,89,0,9.22,clear sky
186,Bandarbeyla,SO,9.4942,50.8122,78.67,81,62,21.34,broken clouds
187,Birjand,IR,32.8663,59.2211,55.49,30,0,5.75,clear sky
188,Dunn,US,44.95,-91.8835,66.54,95,89,9.08,overcast clouds
189,Puerto Ayora,EC,-0.7393,-90.3518,70.77,81,30,10.63,scattered clouds
190,Vestmannaeyjar,IS,63.4427,-20.2734,46.65,78,81,12.66,broken clouds
191,Harper,LR,4.375,-7.7169,77.94,89,87,6.98,overcast clouds
192,Yellowknife,CA,62.456,-114.3525,52.41,57,2,10.0,clear sky
193,Rorvik,NO,64.8621,11.2373,58.78,74,100,29.66,light rain
194,Bengkulu,ID,-3.8004,102.2655,74.17,91,97,3.62,moderate rain
195,Mahebourg,MU,-20.4081,57.7,72.25,82,22,14.34,light rain
196,Inta,RU,66.0317,60.1659,30.36,89,87,9.6,overcast clouds
197,Pangody,RU,65.85,74.4859,31.48,85,100,6.69,overcast clouds
198,Neosho,US,36.869,-94.368,76.75,73,25,10.18,scattered clouds
199,Barra Patuca,HN,15.8,-84.2833,81.93,76,28,6.42,scattered clouds
200,Anqing,CN,30.5092,117.0506,77.13,71,0,2.68,clear sky
201,Mwinilunga,ZM,-11.7358,24.4293,61.32,90,88,3.02,overcast clouds
202,Burpengary,AU,-27.1575,152.9576,86.34,47,1,4.61,clear sky
203,Kruisfontein,ZA,-34.0033,24.7314,49.89,79,27,5.55,scattered clouds
204,Kijang,KR,35.2442,129.2139,73.98,87,56,9.98,broken clouds
205,Noumea,NC,-22.2763,166.4572,81.0,99,2,8.23,clear sky
206,Jinchang,CN,38.4953,102.1739,46.8,58,85,2.48,overcast clouds
207,Beringovskiy,RU,63.05,179.3167,38.64,99,100,7.81,light rain
208,Koslan,RU,63.4564,48.8989,41.07,92,100,4.05,overcast clouds
209,Wadi Musa,JO,30.3222,35.4793,58.73,89,27,3.8,scattered clouds
210,Iqaluit,CA,63.7506,-68.5145,36.7,74,62,7.61,broken clouds
211,Vila,PT,42.0304,-8.1588,48.33,91,71,2.37,broken clouds
212,Ulladulla,AU,-35.35,150.4667,70.77,55,48,4.52,scattered clouds
213,Nikolskoye,RU,59.7035,30.7861,45.88,92,0,7.07,clear sky
214,Riyadh,SA,24.6877,46.7219,78.94,16,19,8.32,few clouds
215,Punta Alta,AR,-38.8759,-62.0736,52.11,52,55,7.49,broken clouds
216,Khuzhir,RU,53.1939,107.3397,39.83,67,100,7.36,overcast clouds
217,Nome,US,64.5011,-165.4064,37.17,55,40,5.75,scattered clouds
218,Gizo,SB,-8.103,156.8419,83.35,75,13,5.82,light rain
219,Harer,ET,9.3094,42.1258,62.01,83,90,4.83,light rain
220,Nemuro,JP,43.3236,145.575,62.42,83,96,30.09,overcast clouds
221,Poshekhonye,RU,58.4993,39.1353,42.75,81,100,3.74,overcast clouds
222,Chengzihe,CN,45.3333,131.0667,48.0,77,49,7.38,scattered clouds
223,Lorengau,PG,-2.0226,147.2712,83.61,71,94,5.3,overcast clouds
224,Katsuura,JP,35.1333,140.3,76.19,73,4,9.4,clear sky
225,Sehnde,DE,52.3139,9.9682,60.19,79,100,9.6,overcast clouds
226,Zilair,RU,52.2332,57.4392,34.57,83,56,6.8,broken clouds
227,Seoul,KR,37.5683,126.9778,77.41,67,100,4.07,overcast clouds
228,Lanigan,CA,51.8501,-105.0344,70.68,20,7,7.29,clear sky
229,Abalak,RU,58.1286,68.5944,30.4,86,100,7.94,overcast clouds
230,Cayenne,GF,4.9333,-52.3333,84.09,77,0,4.0,clear sky
231,Talnakh,RU,69.4865,88.3972,18.19,97,98,1.05,overcast clouds
232,Kudahuvadhoo,MV,2.6708,72.8944,82.78,76,7,17.76,clear sky
233,Vagay,RU,57.9375,69.0217,31.41,84,100,7.76,overcast clouds
234,Korem,ET,12.5058,39.5228,55.36,76,88,2.37,overcast clouds
235,Gazli,UZ,40.1333,63.45,50.83,40,0,10.4,clear sky
236,Abdanan,IR,32.9926,47.4198,77.76,17,0,8.46,clear sky
237,Udachnyy,RU,66.4167,112.4,26.67,83,100,4.21,overcast clouds
238,Nioki,CD,-2.7167,17.6833,72.25,97,100,2.46,overcast clouds
239,Siva,EG,29.2041,25.5195,72.19,54,0,8.39,clear sky
240,Lavrentiya,RU,65.5833,-171.0,28.47,67,13,2.26,few clouds
241,Kuna,US,43.4918,-116.4201,84.49,20,1,1.01,haze
242,Tirano,IT,46.2154,10.1679,62.71,99,100,4.0,overcast clouds
243,Cartagena,CO,10.3997,-75.5144,85.62,74,75,3.44,broken clouds
244,Chau Doc,VN,10.7,105.1167,77.58,88,88,3.51,heavy intensity rain
245,Antofagasta,CL,-23.65,-70.4,58.28,79,23,8.63,few clouds
246,Kumla,SE,59.1277,15.1434,57.54,88,40,13.8,scattered clouds
247,Richards Bay,ZA,-28.783,32.0377,57.74,86,100,4.5,light rain
248,Fairbanks,US,64.8378,-147.7164,36.61,94,90,3.0,light snow
249,Hovd,MN,48.0056,91.6419,30.09,38,9,4.47,clear sky
250,Padang,ID,-0.9492,100.3543,73.45,87,91,3.36,overcast clouds
251,Okhotsk,RU,59.3833,143.3,35.06,66,5,23.29,clear sky
252,Oranjestad,AW,12.524,-70.027,85.95,78,20,3.0,few clouds
253,Beaverlodge,CA,55.2166,-119.4361,48.85,32,1,19.6,clear sky
254,Marienburg,PL,54.0359,19.0266,56.88,73,65,12.12,broken clouds
255,Bubaque,GW,11.2833,-15.8333,82.17,72,84,2.77,broken clouds
256,Hami,CN,42.8,93.45,45.43,34,0,2.59,clear sky
257,Denpasar,ID,-8.65,115.2167,76.71,88,20,2.3,few clouds
258,Gravdal,NO,68.1214,13.5031,51.24,83,100,26.08,light rain
259,Abapo,BO,-18.8333,-63.4667,68.31,70,71,4.79,broken clouds
260,Topeka,US,39.0483,-95.678,80.98,35,1,6.91,clear sky
261,Bodaybo,RU,57.8506,114.1933,30.74,91,92,1.43,overcast clouds
262,Berlevag,NO,70.8578,29.0864,48.69,77,100,37.89,light rain
263,Marystown,CA,47.1666,-55.1483,53.85,100,16,6.42,few clouds
264,Kholm-Zhirkovskiy,RU,55.5189,33.4731,41.83,86,100,4.23,light rain
265,Alghero,IT,40.5589,8.3181,62.69,88,0,3.44,clear sky
266,Sambava,MG,-14.2667,50.1667,69.21,92,41,8.43,light rain
267,Paamiut,GL,61.994,-49.6678,38.62,74,4,6.13,clear sky
268,Itoigawa,JP,37.0333,137.85,68.61,52,1,4.68,clear sky
269,Tessalit,ML,20.1986,1.0114,86.34,13,99,11.16,overcast clouds
270,Vraca,BA,43.8422,18.3955,51.85,77,3,4.38,clear sky
271,Port Blair,IN,11.6667,92.75,79.27,84,39,7.2,scattered clouds
272,Khudumelapye,BW,-23.8833,24.75,55.9,19,0,9.04,clear sky
273,Huangchuan,CN,32.1272,115.0394,79.18,72,0,5.35,clear sky
274,Nishihara,JP,26.1842,127.7558,82.06,61,40,13.8,scattered clouds
275,Nizhnevartovsk,RU,60.9344,76.5531,32.02,93,75,6.71,broken clouds
276,Margate,GB,51.3813,1.3862,55.04,86,0,1.01,clear sky
277,Severo-Kurilsk,RU,50.6789,156.125,48.09,77,83,29.51,broken clouds
278,Karatau,KZ,43.1667,70.4667,40.86,53,0,3.78,clear sky
279,Elizabeth City,US,36.2946,-76.2511,80.02,72,1,1.99,clear sky
280,Taksimo,RU,56.3444,114.8794,29.84,81,31,2.64,scattered clouds
281,Tlacolula,MX,16.9542,-96.4792,72.19,66,89,3.74,overcast clouds
282,Esso,RU,55.9333,158.7,38.1,100,100,5.59,overcast clouds
283,Maceio,BR,-9.6658,-35.7353,76.44,94,20,5.75,few clouds
284,Palana,RU,59.1167,159.9667,37.15,93,100,32.48,light rain
285,Pinczow,PL,50.5205,20.5265,56.61,77,70,5.44,broken clouds
286,Ibipeba,BR,-11.6408,-42.0111,78.48,40,0,9.06,clear sky
287,Giyani,ZA,-23.3025,30.7187,60.84,78,100,9.31,overcast clouds
288,Pimentel,PE,-6.8367,-79.9342,64.69,72,20,19.57,few clouds
289,Strelka,RU,58.0728,93.0344,29.32,89,88,2.1,overcast clouds
290,Solnechnyy,RU,50.7214,136.6319,41.0,52,2,5.3,clear sky
291,Maryborough,AU,-25.5333,152.7,76.1,54,22,11.07,few clouds
292,Igarapava,BR,-20.0383,-47.7469,81.19,48,90,2.28,overcast clouds
293,Oussouye,SN,12.485,-16.5469,79.9,83,93,2.68,overcast clouds
294,Tecpan,GT,14.7623,-90.9947,68.76,76,45,4.94,scattered clouds
295,Saurimo,AO,-9.6608,20.3916,67.03,87,60,5.1,broken clouds
296,Komsomolskiy,UZ,40.4272,71.7189,56.12,47,96,2.3,overcast clouds
297,Alice Springs,AU,-23.7,133.8833,65.75,30,0,8.05,clear sky
298,Airai,TL,-8.9266,125.4092,69.57,43,9,0.78,clear sky
299,Tadine,NC,-21.55,167.8833,77.97,79,38,1.07,scattered clouds
300,Kyaikkami,MM,16.08,97.5675,77.99,89,90,6.22,overcast clouds
301,Arman,RU,59.7,150.1667,38.93,55,100,16.35,overcast clouds
302,La Libertad,EC,-2.2333,-80.9,69.46,83,40,11.5,scattered clouds
303,Clarence Town,AU,-32.5833,151.7833,78.06,40,21,10.76,few clouds
304,Havelock,US,34.8791,-76.9013,75.94,73,58,8.25,broken clouds
305,Lanivtsi,UA,49.8633,26.0908,46.65,60,7,10.2,clear sky
306,Chanderi,IN,24.7167,78.1333,76.41,82,1,5.23,clear sky
307,Taki,IN,22.5861,88.9214,80.55,92,90,6.2,overcast clouds
308,Kichera,RU,55.9375,110.0997,32.9,77,100,3.91,overcast clouds
309,Yabelo,ET,4.8833,38.0833,63.97,67,71,3.4,broken clouds
310,San Policarpo,PH,12.1791,125.5072,80.17,89,100,14.76,heavy intensity rain
311,Los Llanos De Aridane,ES,28.6585,-17.9182,71.13,72,20,11.5,few clouds
312,Mocuba,MZ,-16.8392,36.9856,79.68,51,47,6.22,scattered clouds
313,Malibu,US,34.005,-118.8101,99.25,43,53,5.99,broken clouds
314,Geraldton,AU,-28.7667,114.6,48.61,87,0,8.05,clear sky
315,Aykhal,RU,66.0,111.5,25.56,88,100,4.36,overcast clouds
316,Kimbe,PG,-5.5502,150.1429,86.56,62,84,1.88,broken clouds
317,Traverse City,US,44.7631,-85.6206,68.38,96,90,0.0,moderate rain
318,Rovaniemi,FI,66.5,25.7167,49.41,76,20,12.66,few clouds
319,Oktyabrskiy,RU,54.4815,53.471,40.24,72,90,4.92,overcast clouds
320,Mariinsk,RU,56.2139,87.7472,31.35,92,98,4.16,overcast clouds
321,Dingle,PH,10.9995,122.6711,75.06,96,100,4.25,moderate rain
322,Ostrovnoy,RU,68.0531,39.5131,44.44,85,17,23.29,few clouds
323,Palmer,US,42.1584,-72.3287,67.14,82,90,0.0,light rain
324,Chimbote,PE,-9.0853,-78.5783,64.11,81,68,12.37,broken clouds
325,Dargaville,NZ,-35.9333,173.8833,61.99,95,98,5.41,overcast clouds
326,Abu Dhabi,AE,24.4667,54.3667,86.11,62,0,8.05,clear sky
327,Nurota,UZ,40.5614,65.6886,46.49,47,0,8.37,clear sky
328,Amlagora,IN,22.8333,87.3333,77.43,89,97,5.28,overcast clouds
329,Moussoro,TD,13.6408,16.4901,90.09,29,29,5.68,scattered clouds
330,Rio Grande,BR,-32.035,-52.0986,59.11,75,100,15.97,overcast clouds
331,Preston,GB,53.7667,-2.7167,53.15,3,15,7.23,few clouds
332,Gamba,GA,-2.65,10.0,75.78,84,100,6.76,overcast clouds
333,Warwick,US,41.7001,-71.4162,67.91,89,90,8.05,overcast clouds
334,Castrillon,ES,43.3979,-6.7922,54.14,89,57,5.97,broken clouds
335,Villazon,BO,-22.0866,-65.5942,60.3,4,0,10.49,clear sky
336,Libreville,GA,0.3925,9.4537,76.98,89,100,7.96,light rain
337,Akcakoca,TR,41.0866,31.1162,55.96,88,12,3.44,few clouds
338,Oktyabrskoye,RU,43.0645,44.7417,48.34,93,100,8.95,mist
339,Bouna,CI,9.2667,-3.0,73.33,78,87,3.29,overcast clouds
340,Soe,ID,-9.8607,124.284,72.37,59,16,2.06,few clouds
341,Baltatesti,RO,47.1167,26.3,47.26,48,53,4.5,broken clouds
342,Xining,CN,36.6167,101.7667,38.55,96,100,2.15,overcast clouds
343,Sucua,EC,-2.4667,-78.1667,70.88,97,52,2.66,light rain
344,Constitucion,CL,-35.3333,-72.4167,53.4,73,0,16.24,clear sky
345,Qostanay,KZ,53.1667,63.5833,31.14,91,77,9.53,broken clouds
346,Raipur,IN,21.2333,81.6333,75.11,91,74,5.06,broken clouds
347,Yatou,CN,37.15,122.3833,73.76,93,100,17.29,moderate rain
348,Kyzyl-Suu,KG,42.3414,78.0056,42.46,73,100,4.32,overcast clouds
349,Labrea,BR,-7.2586,-64.7981,83.64,61,95,3.87,overcast clouds
350,Rio Brilhante,BR,-21.8019,-54.5464,82.06,56,72,9.15,moderate rain
351,Pemangkat,ID,1.1667,108.9667,78.4,84,100,7.34,overcast clouds
352,Laurel,US,39.0993,-76.8483,79.65,76,1,1.99,clear sky
353,Kollam,IN,8.8833,76.6,78.67,88,100,3.56,overcast clouds
354,Broome,US,42.2506,-75.833,66.02,80,90,1.99,mist
355,Batagay-Alyta,RU,67.8006,130.4114,17.38,91,43,0.83,scattered clouds
356,Barkhan,PK,29.8977,69.5256,76.15,47,10,2.89,clear sky
357,Glendive,US,47.1053,-104.7125,83.82,17,1,4.61,clear sky
358,Straumen,NO,63.8709,11.2999,59.0,78,100,8.52,light rain
359,Montrose,US,38.4166,-108.2673,60.44,31,60,2.86,broken clouds
360,Moffat,GB,55.3323,-3.4454,51.62,93,64,8.32,broken clouds
361,San Cristobal,VE,7.7669,-72.225,77.18,87,56,3.4,broken clouds
362,Stepnyak,KZ,52.8339,70.7803,27.54,95,53,12.33,broken clouds
363,Taicheng,CN,38.731,113.228,50.65,94,100,2.08,light rain
364,Zaraza,VE,9.3503,-65.3245,76.08,87,71,5.46,broken clouds
365,Zhigansk,RU,66.7697,123.3711,26.08,85,99,5.88,overcast clouds
366,Tura,IN,25.5198,90.2201,70.92,97,80,3.69,light rain
367,Roebourne,AU,-20.7833,117.1333,71.58,52,0,2.04,clear sky
368,Lishui,CN,28.4604,119.9103,69.91,92,11,1.72,few clouds
369,Sao Filipe,CV,14.8961,-24.4956,80.73,77,73,3.96,broken clouds
370,Vila Franca Do Campo,PT,37.7167,-25.4333,74.19,88,95,5.39,overcast clouds
371,Sao Miguel Do Araguaia,BR,-13.275,-50.1628,86.11,42,77,3.74,broken clouds
372,Chimoio,MZ,-19.1164,33.4833,67.86,100,75,8.5,broken clouds
373,Vardo,NO,70.3705,31.1107,48.52,78,98,27.74,overcast clouds
374,Leningradskiy,RU,69.3833,178.4167,20.39,82,57,3.94,broken clouds
375,Shinshiro,JP,34.9,137.5,75.43,76,16,3.69,few clouds
376,Wanning,CN,18.8003,110.3967,79.95,85,62,6.64,broken clouds
377,Cao Bang,VN,22.6667,106.25,71.64,99,20,1.86,few clouds
378,Kulu,TR,39.0951,33.0799,53.46,54,1,6.13,clear sky
379,Roald,NO,62.5833,6.1333,59.14,38,20,16.11,few clouds
380,Ekibastuz,KZ,51.6667,75.3667,38.59,86,100,4.99,overcast clouds
381,Tuatapere,NZ,-46.1333,167.6833,49.82,87,100,3.98,overcast clouds
382,Ketchikan,US,55.3422,-131.6461,46.38,73,97,10.2,light rain
383,Hambantota,LK,6.1241,81.1185,79.07,83,95,12.93,overcast clouds
384,San Quintin,MX,30.4833,-115.95,77.85,47,100,7.52,overcast clouds
385,Paine,CL,-33.8167,-70.75,69.3,54,0,7.0,clear sky
386,Carutapera,BR,-1.195,-46.02,79.21,79,98,8.59,overcast clouds
387,Tazovskiy,RU,67.4667,78.7,32.76,85,100,9.28,overcast clouds
388,Kuruman,ZA,-27.4524,23.4325,47.98,20,0,9.17,clear sky
389,Kalmar,SE,56.6616,16.3616,58.14,88,100,11.5,overcast clouds
390,Redcar,GB,54.6166,-1.06,52.36,73,56,17.31,broken clouds
391,Hecun,CN,36.5333,114.1111,62.94,75,100,18.79,light rain
392,Haines Junction,CA,60.7522,-137.5108,35.96,89,100,3.49,light rain
393,Taoudenni,ML,22.6783,-3.9836,94.75,9,58,9.8,broken clouds
394,Acapulco,MX,16.8634,-99.8901,87.62,70,20,4.61,few clouds
395,Sosnovo,RU,60.5514,30.2144,45.45,87,2,8.57,clear sky
396,Maningrida,AU,-12.0667,134.2667,82.67,74,99,7.4,overcast clouds
397,Morlenbach,DE,49.5992,8.7347,59.59,86,100,4.0,light rain
398,Kavaratti,IN,10.5669,72.642,81.43,79,100,10.65,overcast clouds
399,Strezhevoy,RU,60.7333,77.5889,31.98,93,14,6.06,few clouds
400,Sibu,MY,2.3,111.8167,74.21,95,100,1.61,light rain
401,Jiangyan,CN,32.5061,120.1428,71.1,85,8,10.8,clear sky
402,Atikokan,CA,48.7555,-91.6216,61.95,64,19,3.11,few clouds
403,Umm Lajj,SA,25.0213,37.2685,80.87,59,5,11.56,clear sky
404,Omsukchan,RU,62.5333,155.8,24.35,87,100,12.55,overcast clouds
405,Lasa,IT,46.6166,10.7002,57.02,97,97,5.73,overcast clouds
406,Puerto Madryn,AR,-42.7692,-65.0385,58.64,38,18,3.85,few clouds
407,Dangriga,BZ,16.9692,-88.2321,84.97,75,14,7.05,few clouds
408,Carlisle,US,40.2015,-77.1889,76.87,85,79,1.7,broken clouds
409,Aketi,CD,2.7388,23.7833,69.89,89,73,0.72,broken clouds
410,Homer,US,59.6425,-151.5483,47.08,59,1,8.05,clear sky
411,Pacific Grove,US,36.6177,-121.9166,97.14,57,1,5.99,clear sky
412,Guatire,VE,10.4762,-66.5427,73.58,97,90,2.06,overcast clouds
413,Praia,CV,14.9215,-23.5087,80.2,78,49,6.87,scattered clouds
414,Yumen,CN,40.2833,97.2,40.05,45,89,9.04,overcast clouds
415,Tayturka,RU,52.8692,103.4608,30.4,89,36,2.42,scattered clouds
416,Nioro,GM,13.35,-15.75,79.3,79,16,4.85,few clouds
417,Coihaique,CL,-45.5752,-72.0662,46.35,61,75,3.44,broken clouds
418,Weinan,CN,34.5036,109.5089,62.47,70,98,17.09,overcast clouds
419,College,US,64.8569,-147.8028,36.59,94,75,3.44,light snow
420,Acari,PE,-15.4311,-74.6158,64.47,81,53,6.91,broken clouds
421,Brigantine,US,39.4101,-74.3646,74.48,89,49,11.65,scattered clouds
422,Brae,GB,60.3964,-1.353,51.71,81,100,35.41,overcast clouds
423,Haikou,CN,20.0458,110.3417,79.2,87,17,8.14,few clouds
424,Billings,US,45.7833,-108.5007,83.93,12,20,9.22,few clouds
425,Tahoua,NE,14.8888,5.2692,89.13,23,0,4.32,clear sky
426,Puerto El Triunfo,SV,13.2833,-88.55,90.52,82,38,4.38,scattered clouds
427,Teahupoo,PF,-17.8333,-149.2667,76.96,75,27,8.01,light rain
428,Tautira,PF,-17.7333,-149.15,82.42,74,15,7.67,light rain
429,Mecca,SA,21.4267,39.8261,85.23,46,28,3.65,scattered clouds
430,Nizwa,OM,22.9333,57.5333,75.45,88,100,16.37,overcast clouds
431,Sao Joao Da Barra,BR,-21.6403,-41.0511,74.66,86,20,24.36,few clouds
432,Inhambane,MZ,-23.865,35.3833,72.09,92,100,9.69,light rain
433,Vieksniai,LT,56.2333,22.5167,48.97,74,90,12.66,overcast clouds
434,Anadyr,RU,64.75,177.4833,37.9,93,40,17.0,scattered clouds
435,Port-Cartier,CA,50.0334,-66.8654,47.75,76,99,2.33,overcast clouds
436,Kiunga,PG,-6.1219,141.2906,77.99,84,86,1.34,overcast clouds
437,Toktogul,KG,41.8708,72.9402,49.71,85,95,1.1,overcast clouds
438,La Rioja,ES,42.25,-2.5,43.05,86,24,4.74,few clouds
439,Mackay,AU,-21.15,149.2,84.69,78,14,12.73,few clouds
440,Novoomskiy,RU,54.8415,73.3017,32.02,93,75,6.71,broken clouds
441,Henties Bay,NA,-22.116,14.2845,52.86,90,0,1.88,clear sky
442,Waipawa,NZ,-41.4122,175.5153,55.45,86,99,4.9,overcast clouds
443,Kamenka,RU,51.3223,42.7678,41.9,79,1,6.96,clear sky
444,Sarrebourg,FR,48.7333,7.05,56.84,95,100,10.98,light rain
445,Mulchen,CL,-37.7167,-72.2333,51.84,61,2,8.88,clear sky
446,Ahipara,NZ,-35.1667,173.1667,63.09,92,81,8.5,broken clouds
447,Gushikawa,JP,26.3544,127.8686,81.99,61,1,14.97,clear sky
448,Shitanjing,CN,39.2342,106.3439,50.95,39,90,5.26,light rain
449,Vanimo,PG,-2.6741,141.3028,83.43,67,73,1.9,broken clouds
450,Novotroitsk,RU,51.203,58.3266,40.84,65,99,12.73,overcast clouds
451,Kerman,IR,30.2832,57.0788,66.15,27,4,3.69,clear sky
452,Labe,GN,11.3182,-12.2833,67.17,82,92,1.5,overcast clouds
453,Quixada,BR,-4.9714,-39.0153,79.52,69,36,9.84,scattered clouds
454,Wonthaggi,AU,-38.6044,145.5913,61.2,68,27,17.0,scattered clouds
455,Husavik,IS,66.0449,-17.3389,42.17,98,100,23.67,overcast clouds
456,Dusti,TJ,37.3481,68.664,54.32,31,0,2.42,clear sky
457,Chumikan,RU,54.7183,135.315,38.28,62,63,13.47,broken clouds
458,Miedzychod,PL,52.5988,15.897,56.66,72,97,5.3,overcast clouds
459,Wewak,PG,-3.5534,143.6268,81.99,79,25,5.61,scattered clouds
460,Port Hardy,CA,50.6996,-127.4199,51.87,67,92,2.62,overcast clouds
461,Rio Gallegos,AR,-51.6226,-69.2181,44.1,54,30,31.43,scattered clouds
462,Saint Stephen,GB,50.3333,-4.9,54.82,87,79,12.66,broken clouds
463,Chifeng,CN,42.2683,118.9636,48.81,61,100,4.41,overcast clouds
464,Cheremukhovo,RU,60.3484,59.9851,26.49,91,46,2.51,scattered clouds
465,Samarai,PG,-10.6167,150.6667,81.72,76,68,5.41,broken clouds
466,Penha,BR,-26.7694,-48.6458,70.07,94,0,2.3,clear sky
467,Pemagatsel,BT,27.0319,91.4266,58.75,95,94,3.31,overcast clouds
468,Goderich,CA,43.7501,-81.7165,69.21,94,99,3.49,overcast clouds
469,Boyolangu,ID,-8.1181,111.8935,74.55,86,80,3.94,broken clouds
470,Yate,GB,51.5407,-2.4184,53.22,92,13,1.01,few clouds
471,Khorixas,NA,-20.3667,14.9667,56.44,52,0,1.19,clear sky
472,Bud,US,39.447,-86.1758,71.65,92,98,7.16,overcast clouds
473,Manaure,CO,11.7751,-72.4445,87.01,62,92,16.06,overcast clouds
474,San Lawrenz,MT,36.0553,14.204,69.85,79,4,9.73,clear sky
475,Methoni,GR,36.8197,21.7049,67.21,64,92,4.56,overcast clouds
476,Sabratah,LY,32.7933,12.4885,76.68,54,0,10.96,clear sky
477,Fram,PY,-26.9833,-55.8833,66.79,96,100,9.4,overcast clouds
478,Ngunguru,NZ,-35.6167,174.5,65.16,97,100,11.61,light rain
479,Metro,ID,-5.1131,105.3067,75.4,87,98,4.79,overcast clouds
480,Petropavlovsk-Kamchatskiy,RU,53.0452,158.6483,54.19,50,40,17.9,scattered clouds
481,Vilhena,BR,-12.7406,-60.1458,78.87,57,75,1.72,broken clouds
482,Raton,US,36.9034,-104.4391,69.19,39,1,5.75,clear sky
483,Guaruja,BR,-23.9931,-46.2564,78.17,26,100,1.99,overcast clouds
484,Toba,JP,34.4833,136.85,75.2,74,12,7.56,few clouds
485,Tual,ID,-5.6667,132.75,80.83,67,97,9.71,overcast clouds
486,Qrendi,MT,35.8347,14.4583,70.11,83,0,5.75,clear sky
487,Kattivakkam,IN,13.2167,80.3167,80.69,81,12,4.97,few clouds
488,Matara,LK,5.9485,80.5353,77.09,89,90,6.89,light rain
489,Vestmanna,FO,62.1564,-7.1664,47.32,100,75,28.77,broken clouds
490,Goshen,US,41.5823,-85.8344,66.72,94,40,6.91,moderate rain
491,Piracicaba,BR,-22.7253,-47.6492,72.81,83,82,13.76,broken clouds
492,Gat,IL,31.61,34.7642,72.81,64,46,6.8,scattered clouds
493,Camalu,MX,30.85,-116.0667,88.43,42,96,9.48,overcast clouds
494,Florida,US,28.7505,-82.5001,82.38,81,1,0.0,clear sky
495,Jacqueville,CI,5.2052,-4.4146,78.71,90,93,7.7,overcast clouds
496,Biankouma,CI,7.7391,-7.6138,69.76,96,15,2.57,few clouds
497,Marsa Matruh,EG,31.3525,27.2453,70.75,67,1,7.02,clear sky
498,Beloha,MG,-25.1667,45.05,71.19,74,6,4.83,clear sky
499,Pucara,PE,-15.9803,-71.4606,37.53,31,1,7.16,clear sky
500,Ust-Kuyga,RU,70.0167,135.6,15.93,96,75,3.62,broken clouds
501,Simi,SL,9.5667,-12.35,75.34,93,89,1.19,overcast clouds
502,Ingham,US,42.6,-84.3833,71.17,92,75,3.44,broken clouds
503,Celestun,MX,20.8667,-90.4,84.04,71,56,15.52,broken clouds
504,Sao Felix Do Xingu,BR,-6.6447,-51.995,77.49,71,81,1.86,broken clouds
505,Aljezur,PT,37.3191,-8.8033,59.09,68,100,7.29,overcast clouds
506,Nipawin,CA,53.3668,-104.0009,68.61,26,7,7.83,clear sky
507,Sala Consilina,IT,40.3912,15.5989,60.3,77,15,1.74,few clouds
508,Aloleng,PH,16.1307,119.7824,80.62,78,92,7.78,overcast clouds
509,Bella Union,UY,-30.2752,-57.6007,55.6,53,80,14.34,broken clouds
510,Moron,AR,-34.6534,-58.6198,58.75,42,31,1.01,scattered clouds
511,Cortez,US,37.3489,-108.5859,72.52,34,1,5.75,clear sky
512,Cockburn Town,TC,21.4612,-71.1419,83.41,72,95,20.0,overcast clouds
513,Gold Coast,AU,-28.0,153.4333,81.9,64,4,3.0,clear sky
514,San Vicente,AR,-26.6167,-54.1333,64.02,100,95,1.74,overcast clouds
515,Natitingou,BJ,10.3042,1.3796,72.27,89,59,2.64,broken clouds
516,Labuhan,ID,-6.8844,112.2051,78.44,74,100,12.39,overcast clouds
517,Kainantu,PG,-6.2887,145.8655,68.34,82,85,2.37,overcast clouds
518,Manta,EC,-0.95,-80.7333,71.83,81,11,16.44,few clouds
519,Termoli,IT,41.9888,14.9895,68.72,68,0,8.81,clear sky
520,Inza,RU,53.8533,46.3586,44.38,93,100,3.94,overcast clouds
521,Daru,PG,-9.0763,143.2092,82.69,73,29,4.56,scattered clouds
522,Cascais,PT,38.6979,-9.4215,62.47,68,100,8.99,overcast clouds
523,Ajdabiya,LY,30.7554,20.2263,71.56,50,0,12.28,clear sky
524,Oskarshamn,SE,57.2645,16.4484,57.97,70,100,14.34,overcast clouds
525,Balsas,BR,-7.5325,-46.0356,85.95,44,93,6.51,overcast clouds
526,Beyla,GN,8.6833,-8.6333,69.48,92,30,0.65,scattered clouds
527,Luzhou,CN,28.8724,105.4405,77.13,77,5,2.57,clear sky
528,Hirara,JP,24.8,125.2833,83.28,73,7,21.85,clear sky
529,Effingham,US,32.3669,-81.3332,78.84,87,36,3.65,scattered clouds
530,Luanda,AO,-8.8368,13.2343,71.6,83,20,6.91,few clouds
531,Hofn,IS,64.2539,-15.2082,47.77,75,100,19.6,overcast clouds
532,Kindersley,CA,51.4668,-109.1682,71.49,19,1,11.3,clear sky
533,Meulaboh,ID,4.1363,96.1285,74.35,87,68,4.79,broken clouds
534,Bereda,ES,43.2686,-7.5406,53.91,100,66,2.91,broken clouds
535,Isangel,VU,-19.55,169.2667,80.8,74,2,4.97,clear sky
536,Tripoli,LY,32.8752,13.1875,75.85,63,0,10.6,clear sky
537,Ust-Nera,RU,64.5667,143.2,25.81,80,24,2.71,few clouds
538,Artyom,AZ,40.4723,50.333,60.94,66,75,10.69,broken clouds
539,Ngama,TD,11.7833,17.1667,81.01,67,15,6.98,few clouds
540,Lazaro Cardenas,MX,17.9583,-102.2,83.68,73,45,6.69,scattered clouds
541,Nyagan,RU,62.1406,65.3936,27.3,84,10,3.83,clear sky
542,Belyy Yar,RU,53.6039,91.3903,26.49,86,0,4.47,clear sky
543,Kangaatsiaq,GL,68.3065,-53.4641,31.98,64,100,4.94,overcast clouds
544,Lakatoro,VU,-16.0999,167.4164,81.88,75,10,7.11,clear sky
545,Bilma,NE,18.6853,12.9164,86.31,17,28,6.44,scattered clouds
546,Bambanglipuro,ID,-7.95,110.2833,59.61,79,80,3.69,broken clouds
547,Yulara,AU,-25.2406,130.9889,66.04,26,0,8.05,clear sky
548,Ferrenafe,PE,-6.6389,-79.7889,64.22,72,20,19.57,few clouds
549,Kloulklubed,PW,7.0419,134.2556,82.9,69,66,7.52,broken clouds
550,Lingyuan,CN,41.24,119.4011,50.54,66,100,11.83,overcast clouds
551,Mapiripan,CO,2.8892,-72.1256,77.61,87,97,4.32,overcast clouds
552,Padre Bernardo,BR,-15.35,-48.5,82.9,39,90,2.06,overcast clouds
553,Chitral,PK,35.8462,71.7858,64.09,59,0,1.9,clear sky
554,Paungde,MM,18.4833,95.5,73.53,97,23,4.72,few clouds
555,Launceston,AU,-41.45,147.1667,56.84,94,90,5.01,light intensity shower rain
556,Pombas,CV,17.1503,-25.0201,76.68,84,31,9.37,scattered clouds
557,Santa Vitoria Do Palmar,BR,-33.5189,-53.3681,52.43,67,90,12.41,overcast clouds
558,Uray,RU,60.1247,64.7758,27.05,91,42,5.97,scattered clouds
559,Myitkyina,MM,25.3833,97.4,72.68,100,100,0.31,overcast clouds
560,Chicama,PE,-7.8447,-79.1469,61.34,74,53,9.17,broken clouds
561,Van Buren,US,35.4368,-94.3483,80.62,50,20,1.99,few clouds
562,Kem,RU,64.9555,34.5793,43.43,91,12,9.64,few clouds
563,Grand-Santi,GF,4.25,-54.3833,78.15,76,80,2.1,broken clouds
564,Teknaf,BD,20.8624,92.3058,78.93,84,94,3.71,overcast clouds
565,Derzhavinsk,KZ,51.1,66.3167,35.08,76,65,13.24,broken clouds
566,Putina,PE,-15.4667,-69.4333,51.28,57,11,12.66,few clouds
567,Ondjiva,AO,-17.0667,15.7333,65.34,23,1,6.08,clear sky
568,Mbanza-Ngungu,CD,-5.25,14.8667,73.29,74,88,7.49,overcast clouds
569,Saint Anthony,US,45.0205,-93.218,71.92,58,1,1.99,clear sky
570,Asau,RO,46.4333,26.4,44.76,92,31,2.64,scattered clouds
571,Mbeya,TZ,-8.9,33.45,63.32,58,90,4.12,overcast clouds
572,Praia Da Vitoria,PT,38.7333,-27.0667,72.75,92,50,5.82,scattered clouds
573,Ust-Kan,RU,50.9276,84.761,26.82,90,99,5.03,overcast clouds
574,Durango,MX,24.8333,-104.8333,64.36,76,79,10.0,broken clouds
575,Mansa,IN,29.9833,75.3833,79.05,68,54,3.33,broken clouds
576,Khash,IR,28.2211,61.2158,61.0,28,15,3.62,few clouds
577,Outjo,NA,-20.1167,16.15,58.14,40,0,9.78,clear sky
578,Jesus Del Monte,MX,19.1081,-99.9944,65.61,89,97,0.94,light rain
579,Isa Khel,AF,36.6702,68.8443,57.36,28,0,2.84,clear sky
580,Takoradi,GH,4.8845,-1.7554,77.38,91,100,7.31,overcast clouds
581,Irbit,RU,57.6705,63.071,27.19,90,70,6.31,broken clouds
582,Valleyview,CA,55.0667,-117.2859,51.21,25,0,17.92,clear sky
583,Manokwari,ID,-0.8667,134.0833,82.42,72,100,6.2,overcast clouds
584,Rincon,US,32.296,-81.2354,78.85,80,40,8.05,scattered clouds
585,Kalush,UA,49.0119,24.3731,45.01,74,2,4.12,clear sky
586,Laguna,US,38.421,-121.4238,93.42,21,1,1.01,clear sky
587,Mwense,ZM,-10.3845,28.698,69.19,85,59,5.08,light rain
588,Koungou,YT,-12.7336,45.2042,76.71,73,40,4.61,scattered clouds
589,Teguldet,RU,57.3064,88.1667,31.91,97,96,2.82,overcast clouds
590,Manicore,BR,-5.8092,-61.3003,83.01,59,99,2.13,overcast clouds
591,Derna,LY,32.767,22.6367,69.91,66,0,18.28,clear sky
592,Mayo,US,38.8876,-76.5119,79.86,87,1,1.01,clear sky
593,Herat,AF,34.5,62.0,48.24,24,0,11.48,clear sky
594,Tanout,NE,14.9709,8.8879,88.05,17,2,8.63,clear sky
595,Sale,MA,34.0389,-6.8166,68.68,94,90,0.0,overcast clouds
596,Manono,CD,-7.3,27.4167,70.12,91,93,2.8,light rain
597,Izumo,JP,35.3667,132.7667,70.43,65,13,4.68,few clouds
598,Severnoye,RU,56.3491,78.3619,29.05,95,100,4.83,overcast clouds
599,Rameshki,RU,57.3439,36.0453,35.46,86,28,4.12,scattered clouds
600,Peterhead,GB,57.5058,-1.7981,50.72,76,89,14.54,overcast clouds
601,Zalantun,CN,48.0,122.7167,37.9,85,74,5.68,broken clouds
602,Deputatskiy,RU,69.3,139.9,15.06,90,83,6.08,broken clouds
603,Novopavlovka,RU,51.2172,109.2091,32.79,94,95,3.96,overcast clouds
604,Sabang,ID,5.8933,95.3214,81.57,74,42,15.43,scattered clouds
605,Faya,SA,18.3851,42.4509,61.32,43,62,1.68,broken clouds
606,Mumford,GH,5.2618,-0.759,77.97,91,69,9.33,broken clouds
607,Lloydminster,CA,53.2835,-110.0016,62.58,27,2,14.99,clear sky
608,Nicoya,CR,10.1483,-85.452,83.75,84,68,1.97,broken clouds
609,Chapais,CA,49.7834,-74.8492,44.82,66,3,5.21,clear sky
610,Brokopondo,SR,4.75,-55.1667,81.27,76,72,7.11,broken clouds
611,Vung Tau,VN,10.346,107.0843,79.79,81,100,4.0,overcast clouds
612,Yar-Sale,RU,66.8333,70.8333,31.64,75,100,7.36,overcast clouds
613,North Bend,US,43.4065,-124.2243,74.91,78,1,17.27,clear sky
614,Pithoragarh,IN,29.5833,80.2167,56.89,95,2,2.53,clear sky
615,Gambela,ET,8.25,34.5833,70.16,98,100,2.19,overcast clouds
616,Egvekinot,RU,66.3167,-179.1667,28.06,98,100,4.03,snow
617,Kandrian,PG,-6.2167,149.55,83.32,73,82,6.11,broken clouds
618,Awjilah,LY,29.1081,21.2869,72.57,45,0,5.75,clear sky
619,Muisne,EC,0.6,-80.0333,75.02,83,78,9.28,broken clouds
620,Abong Mbang,CM,3.9833,13.1833,66.88,95,51,1.81,broken clouds
621,Talara,PE,-4.5772,-81.2719,64.74,83,39,18.43,scattered clouds
622,Waingapu,ID,-9.6567,120.2641,77.49,72,52,4.27,broken clouds
623,Jaicos,BR,-7.3592,-41.1378,83.41,25,36,5.01,scattered clouds
624,Touros,BR,-5.1989,-35.4608,77.9,73,5,14.43,clear sky
625,Trincomalee,LK,8.5711,81.2335,78.4,86,69,10.47,heavy intensity rain
626,Santa Fe,AR,-31.6333,-60.7,61.0,41,55,3.0,broken clouds
627,Grand Gaube,MU,-20.0064,57.6608,72.37,75,22,7.0,light rain
628,Manoel Urbano,BR,-8.8389,-69.2597,80.11,74,79,2.48,broken clouds
629,Cururupu,BR,-1.8283,-44.8683,76.5,86,79,4.18,broken clouds
630,Benjamin Aceval,PY,-24.9667,-57.5667,69.94,93,100,11.81,overcast clouds
631,Jardinopolis,BR,-21.0178,-47.7639,69.22,83,75,11.5,light rain
632,La Ciotat,FR,43.1748,5.6045,71.47,93,100,14.47,overcast clouds
633,Kuching,MY,1.55,110.3333,73.62,100,20,0.0,few clouds
634,Palladam,IN,10.9833,77.3,77.2,89,94,7.99,overcast clouds
635,Yokadouma,CM,3.5167,15.05,68.41,99,56,1.92,light rain
636,Necochea,AR,-38.5473,-58.7368,46.04,73,4,8.68,clear sky
637,Coffs Harbour,AU,-30.3,153.1333,83.14,38,29,8.05,scattered clouds
638,Segbwema,SL,7.9967,-10.9496,73.0,93,79,0.27,broken clouds
639,Saquena,PE,-4.6667,-73.5167,82.18,73,77,1.74,broken clouds
640,Shimoda,JP,34.6667,138.95,77.11,75,7,2.91,clear sky
641,Jieshi,CN,22.8134,115.8257,81.95,77,58,14.43,light rain
642,Naron,ES,43.5167,-8.1528,58.66,87,83,8.34,broken clouds
643,Kysyl-Syr,RU,63.8986,122.7617,27.64,76,100,3.2,overcast clouds
644,Kununurra,AU,-15.7667,128.7333,84.18,61,58,4.61,broken clouds
645,West Wendover,US,40.7391,-114.0733,72.61,15,1,6.91,clear sky
646,Shetpe,KZ,44.1667,52.1167,52.18,27,96,13.38,overcast clouds
647,Mareeba,AU,-17.0,145.4333,84.33,70,10,2.73,clear sky
648,Praxedis Guerrero,MX,31.3667,-106.0167,86.81,29,13,7.81,few clouds
649,Lahij,YE,13.1667,44.5833,84.56,48,92,5.41,overcast clouds
650,Ibadan,NG,7.3878,3.8964,72.37,97,99,2.55,light rain
651,Turkistan,KZ,43.0,68.0,44.06,40,0,3.78,clear sky
652,Kualakapuas,ID,-3.0091,114.3876,75.36,90,100,4.47,light rain
653,Umm Kaddadah,SD,13.6017,26.6876,88.92,20,100,12.06,overcast clouds
654,Lokomotivnyy,RU,53.0118,60.5684,29.26,86,10,7.49,clear sky
655,Camocim,BR,-2.9022,-40.8411,79.93,79,3,18.16,clear sky
656,Kunashak,RU,55.7032,61.5498,32.52,54,100,7.52,overcast clouds
657,Aasiaat,GL,68.7098,-52.8699,25.63,72,99,3.62,overcast clouds
658,Maniwaki,CA,46.3834,-75.966,51.12,91,97,1.5,overcast clouds
659,Lesnica,RS,44.6525,19.31,54.66,63,26,3.47,scattered clouds
660,Bronnoysund,NO,65.4625,12.1997,59.0,72,90,21.85,light intensity shower rain
661,Zasheyek,RU,67.4066,32.5499,41.65,95,84,6.78,broken clouds
662,Saint-Augustin,CA,51.226,-58.6502,42.24,90,100,7.11,overcast clouds
663,Rantepao,ID,-2.9701,119.8978,68.83,96,100,0.58,overcast clouds
664,Kropotkin,RU,45.4375,40.5756,53.89,55,100,17.29,moderate rain
665,Shieli,KZ,44.1667,66.75,46.58,47,4,3.96,clear sky
666,Batticaloa,LK,7.7102,81.6924,78.82,85,100,3.91,overcast clouds
667,Biltine,TD,14.5333,20.9167,86.16,37,74,2.77,broken clouds
668,Kouroussa,GN,10.65,-9.8833,73.87,86,28,2.59,scattered clouds
669,Acarau,BR,-2.8856,-40.12,79.25,84,0,16.89,clear sky
670,Linjiang,CN,41.8069,126.9078,59.02,98,100,4.0,overcast clouds
671,Lufilufi,WS,-13.8745,-171.5986,85.78,76,14,21.27,light rain
672,Mitsamiouli,KM,-11.3847,43.2844,75.4,77,17,9.95,few clouds
673,Zhirnovsk,RU,50.9845,44.7735,43.32,79,1,5.21,clear sky
674,Hinton,CA,53.4001,-117.5857,53.11,32,66,6.76,broken clouds
675,Chiang Klang,TH,19.2938,100.8617,71.76,99,61,1.32,broken clouds
676,Tekkali,IN,18.6167,84.2333,77.41,84,14,3.83,few clouds
677,Half Moon Bay,US,37.4636,-122.4286,96.82,24,1,6.91,clear sky
678,Catuday,PH,16.2923,119.8062,79.75,79,88,10.27,overcast clouds
679,Jalandhar,IN,31.3256,75.5792,77.02,76,4,5.44,clear sky
680,Littleton,US,39.6133,-105.0166,80.11,20,20,1.01,few clouds
681,Balikpapan,ID,-1.2675,116.8289,74.39,100,75,4.61,thunderstorm with light rain
682,Kyabe,TD,9.4515,18.9449,73.2,82,36,2.86,scattered clouds
